Aurora,F,Abels,157-831-4929,2029897,Supervisor
Aloisia,A,Abercromby,161-901-2554,2020221,NULL
Garrek,R,Ablott,985-749-4820,2028264,NULL
Horace,,Abramovitz,688-245-9620,2028898,IT Technician
Mendie,C,Abrams,452-998-7113,2029306,IT Technician
Alistair,,Adney,699-992-4671,2024073,Mission Leader
Magdalene,D,Agdahl,632-643-1076,2024542,NULL
Rossie,D,Aim,243-883-2370,2021848,IT Technician
Ellerey,N,Aiston,466-887-1695,2028019,Accountant
Tansy,B,Alekhov,929-858-9163,2024621,NULL
Cosmo,,Alessandrini,429-231-3766,2027222,Accountant
Ralf,G,Allbon,870-501-6280,2029046,NULL
Yoko,O,Allchin,561-727-1356,2021760,Supervisor
Reuben,B,Altham,337-202-1175,2029534,IT Technician
Jenn,,Ambridge,701-858-4096,2027163,IT Technician
Jacki,A,Anfonsi,543-930-4153,2020213,Programmer
Celle,O,Anniwell,941-303-3404,2029859,IT Technician
Aliza,O,Antusch,762-826-6171,2024504,IT Technician
Caresa,F,Arkin,646-945-5876,2022290,IT Technician
Oberon,M,Armstrong,822-806-9285,2028365,NULL
Tom,O,Arnaldy,889-405-1615,2021379,IT Technician
Corry,A,Arndell,839-784-1310,2027904,Programmer
Orlando,L,Aronowicz,300-946-6710,2029596,NULL
Abie,A,Arrowsmith,135-213-7223,2029204,Accountant
Bernadette,X,Artindale,929-237-8030,2021225,Food Service Worker
Erv,G,Artz,655-149-6190,2021374,NULL
Mayne,V,Ashmore,316-834-6328,2024576,IT Technician
Jeffie,T,Athey,246-353-3170,2026228,IT Technician
Sheilah,N,Attenborrow,267-482-4989,2028237,Janitor
Petra,E,Attenbrow,139-823-3458,2024049,NULL
Cynthy,E,Awton,484-924-2939,2023562,IT Technician
Lilla,,Ayers,355-820-6146,2027732,Accountant
Deb,,Backhouse,305-496-5184,2021610,IT Technician
Benny,M,Baddow,101-191-9588,2020880,IT Technician
Alano,T,Badsey,712-758-8122,2021948,IT Technician
Izzy,D,Baggallay,539-871-1367,2025953,Janitor
Hector,,Bagott,958-261-6724,2029962,IT Technician
Glori,B,Balam,941-454-8335,2024720,Supervisor
Adham,D,Balazin,259-892-0518,2028796,IT Technician
Merilee,L,Balle,231-871-7493,2021528,Janitor
Boniface,L,Banbrigge,668-480-7999,2026690,Janitor
Gillie,I,Baniard,899-294-4024,2027813,Food Service Worker
Gilbertina,,Banisch,690-516-8996,2029096,Accountant
Celeste,R,Barfield,752-389-5451,2023168,IT Technician
Emery,L,Barlie,649-287-4219,2029475,IT Technician
Ainslee,C,Barnfield,258-817-1194,2021783,NULL
Valli,S,Barter,630-709-3288,2024395,Supervisor
Kaylyn,R,Barthropp,825-777-1684,2027335,IT Technician
Madlin,T,Barti,211-385-5925,2026566,IT Technician
Jeth,C,Bartoloma,278-856-8313,2028500,NULL
Robby,T,Bartolomeoni,658-726-7798,2029653,NULL
Corie,,Basset,570-166-1394,2020446,NULL
Amalea,D,Batchellor,239-673-7144,2028133,Food Service Worker
Rosemaria,,Baton,277-959-5823,2023606,IT Technician
Kevon,D,Beachem,492-277-4960,2020844,Programmer
Kyrstin,,Beake,414-843-5422,2021866,Accountant
Trix,L,Bear,660-953-0773,2021039,IT Technician
Gerry,,Beardshall,173-221-2466,2021775,Project Leader
Frazier,L,Bearns,145-576-3540,2021831,NULL
Gare,S,Beavington,531-338-3518,2025584,Accountant
Bettine,M,Beckworth,896-295-5594,2026067,NULL
Mikol,O,Beddis,998-717-1737,2020137,IT Technician
Oswell,E,Beeke,705-260-5304,2022844,Accountant
Sibelle,E,Beeke,480-543-7323,2020045,Janitor
Trever,O,Beentjes,311-413-2986,2026645,Food Service Worker
Yasmeen,T,Beiderbecke,342-925-5943,2028492,NULL
Angy,M,Belchamber,108-274-8499,2024024,Accountant
Aili,O,Bellord,266-281-3405,2024761,NULL
Angelle,D,Bener,683-830-9835,2023328,Food Service Worker
Dalli,I,Benyan,256-300-7745,2024095,NULL
Boonie,V,Berka,957-635-2061,2025188,IT Technician
Nellie,S,Berridge,715-583-1668,2026372,NULL
Ruddy,E,Bertolin,314-477-4906,2027071,Janitor
Carmencita,F,Betham,839-924-5114,2022503,IT Technician
Edith,P,Betke,384-745-5237,2027034,IT Technician
Zola,V,Bettanay,960-318-2381,2028218,Supervisor
Falkner,F,Beveredge,133-274-1883,2025048,IT Technician
Eustace,N,Biaggelli,290-710-4120,2029379,IT Technician
Melly,D,Bickerdyke,152-602-6533,2021704,IT Technician
Gavan,C,Bielfelt,203-325-5981,2020385,Supervisor
Nadya,H,Bier,368-308-7465,2023061,IT Technician
Amory,L,Biesterfeld,587-523-4570,2021167,IT Technician
Caresse,O,Biever,294-674-5420,2021091,Food Service Worker
Dunc,L,Biggerstaff,535-869-7342,2027173,IT Technician
Earl,A,Biggins,595-937-5120,2022805,Food Service Worker
Arleen,O,Binder,421-226-4399,2024374,IT Technician
Chiquita,M,Bindin,874-444-6561,2027305,IT Technician
Amye,V,Birdall,526-753-2551,2024248,IT Technician
Thom,R,Birth,229-587-2387,2026108,Supervisor
Fergus,,Blaasch,594-560-2121,2029682,Programmer
Florie,N,Blader,455-735-5888,2023081,IT Technician
Hedvig,A,Blanchard,715-243-1639,2027079,IT Technician
Matteo,X,Blankley,568-375-4007,2026576,IT Technician
Roberta,F,Blaxeland,836-886-5340,2028532,IT Technician
Rhetta,X,Bleacher,865-232-0512,2025972,IT Technician
Shayla,I,Blennerhassett,931-422-9058,2026409,Janitor
Royal,P,Bloodworth,950-535-3098,2028895,Janitor
Emelda,T,Blowes,682-279-6744,2023043,Programmer
Ludwig,D,Blythe,109-825-3049,2029990,Project Leader
Patrizius,B,Bodham,756-954-9670,2021628,NULL
Persis,P,Bodycomb,538-258-8781,2023902,IT Technician
Berkie,X,Bohje,350-375-9139,2024898,Supervisor
Cobb,,Bolens,370-907-7347,2024421,IT Technician
Sula,L,Bonafant,768-948-0319,2026815,Janitor
Ansell,,Boole,282-873-2933,2026612,NULL
Fields,P,Borgne,284-451-4809,2023958,IT Technician
Tabatha,X,Bosket,872-402-1404,2027008,NULL
Marcelo,E,Bothe,168-309-3770,2022550,Programmer
Jorrie,L,Bourley,717-861-6784,2028647,Programmer
Jervis,O,Bowater,913-831-3205,2023490,NULL
Allard,F,Bowell,434-294-3277,2023360,Food Service Worker
Cassie,D,Braben,559-823-0117,2021781,IT Technician
Isacco,M,Bradane,458-733-4904,2022860,Accountant
Bax,N,Braddon,682-930-8411,2026891,Supervisor
Merv,,Braney,899-811-7652,2020975,Mission Leader
Bobby,P,Bransom,629-454-1548,2023604,IT Technician
Trish,C,Bridden,221-673-2717,2026957,Accountant
Cully,D,Brideoke,265-397-9645,2023323,Accountant
Gwenni,,Bridie,658-841-5961,2021601,Supervisor
Dorothee,A,Brisland,267-773-1225,2026727,Programmer
Waneta,M,Brotherheed,892-980-8229,2025716,Project Leader
Sharl,V,Broxholme,126-101-3644,2025143,Food Service Worker
Zitella,F,Brusle,367-828-4049,2025703,NULL
Willow,H,Bruton,747-850-7979,2023709,IT Technician
Farr,H,Buckel,712-787-7841,2023151,IT Technician
Sondra,T,Buckle,756-760-3299,2023676,Programmer
Florri,D,Bucklee,460-601-7375,2028514,Janitor
Krista,L,Buff,992-679-9393,2023144,Programmer
Way,,Bullivant,471-449-2354,2025728,Supervisor
Ardath,,Bulpitt,562-626-2348,2027538,Accountant
Peder,S,Bunner,645-178-8667,2026314,Accountant
Halette,G,Bunt,152-501-7441,2021480,IT Technician
Fee,,Burgwyn,148-465-2411,2029097,IT Technician
Savina,N,Burril,274-469-7761,2028512,IT Technician
Delmore,T,Burthom,957-549-4618,2026883,Accountant
Jarad,C,Bushe,329-770-2380,2024473,Accountant
Moselle,T,Bute,288-196-3983,2025701,Janitor
Devland,,Buterton,976-759-3522,2023925,IT Technician
Joanna,N,Bwye,245-705-9637,2021507,Accountant
Eldin,X,Byars,835-261-1653,2028099,Programmer
Shaun,,Cabedo,676-594-5111,2025081,IT Technician
Woodie,,Cadreman,266-908-9432,2022422,IT Technician
Brett,X,Cage,407-143-1674,2023269,IT Technician
Timothee,I,Caiger,167-208-8106,2027308,IT Technician
Aundrea,T,Caldecot,396-735-0262,2023006,Accountant
Florrie,F,Calkin,957-407-1047,2021809,Food Service Worker
Amie,T,Callam,330-381-0860,2026204,Janitor
Elane,G,Cammocke,941-834-8995,2022051,Accountant
Holden,,Campsall,493-805-2809,2025499,Accountant
Cassius,,Campsall,859-260-5755,2025781,NULL
Everard,S,Cana,617-464-8236,2029386,IT Technician
Robinette,H,Carrol,812-181-3467,2022221,NULL
Franklyn,M,Casewell,359-808-1604,2025664,IT Technician
Irvin,O,Castaignet,965-243-2245,2029473,NULL
Aleda,E,Castleman,950-273-2700,2026720,Accountant
Devlin,V,Caswall,121-337-4651,2026855,Food Service Worker
Any,E,Cauldwell,537-116-6460,2023342,NULL
Jayson,,Chadney,768-307-4153,2021975,Accountant
Fawn,,Charnock,764-119-2628,2022245,IT Technician
Tally,T,Chieco,925-515-8310,2022228,Janitor
Willabella,E,Chittock,424-927-9275,2027677,Project Leader
Hildagarde,R,Choldcroft,666-604-5537,2025233,Programmer
Creighton,,Cicchillo,883-481-9333,2026130,IT Technician
Martita,L,Cicco,222-141-5919,2022201,Supervisor
Avril,C,Ciccotti,214-382-8105,2023298,IT Technician
Heath,C,Clara,711-595-8145,2028306,Janitor
Juli,H,Clare,779-375-0324,2020453,Project Leader
Ransom,T,Clayhill,454-709-6718,2029526,IT Technician
Tabby,,Clemensen,743-336-1457,2028676,Janitor
Rosana,T,Clement,667-615-3480,2029433,Janitor
Sherm,A,Clemmens,380-374-5623,2020886,IT Technician
Amelina,H,Clewes,773-892-4590,2029498,IT Technician
Morgen,L,Cleynaert,642-372-3880,2026781,Food Service Worker
Leann,M,Clubley,335-647-2116,2023851,Accountant
Josee,T,Clyburn,850-414-9483,2022158,IT Technician
Gerardo,V,Cocklie,136-540-4209,2020389,IT Technician
Beau,O,Cockton,627-373-9040,2020847,Janitor
Yolanda,C,Coils,721-835-4337,2027303,Food Service Worker
Lion,H,Colleck,974-938-1904,2020424,NULL
Ailina,S,Collingham,736-458-0547,2021773,Supervisor
Astra,,Colrein,122-198-9828,2022157,Programmer
Fleur,M,Copnell,851-513-7120,2026738,IT Technician
Kurt,V,Copner,845-739-7551,2025170,NULL
Eldon,T,Coronado,776-866-5720,2025133,Janitor
Dale,N,Cortin,323-536-6829,2026857,IT Technician
Bel,N,Couronne,115-819-4382,2028931,Programmer
Vivia,R,Cowen,201-892-3024,2029094,IT Technician
Rosmunda,H,Cowern,846-576-7660,2025957,Accountant
Isabella,H,Cox,475-194-6060,2029493,Accountant
Dina,,Coxall,972-298-5293,2020145,IT Technician
Lyndel,B,Coyish,676-189-8721,2026283,IT Technician
Briana,F,Cradock,650-549-4223,2028037,Programmer
Brucie,A,Craigg,412-597-4242,2028215,IT Technician
Adlai,O,Craise,433-381-4278,2023187,Supervisor
Federico,L,Craister,817-722-0157,2026391,Project Leader
Jorey,O,Crake,190-756-1616,2024831,IT Technician
Lane,B,Cranefield,511-420-5876,2029067,Programmer
Abba,F,Crangle,289-190-3141,2020731,Accountant
Elladine,F,Crayke,843-979-2226,2024898,Janitor
Idelle,,Creaven,779-437-8929,2023464,IT Technician
Maximo,V,Crebo,615-268-1477,2023897,Supervisor
Jorie,M,Crichmer,512-464-7261,2028521,IT Technician
Mike,C,Crippen,845-843-1568,2027078,Project Leader
Marjy,S,Crisall,255-823-8291,2029600,Programmer
Petronella,V,Crisford,734-891-8121,2028806,Accountant
Rivkah,C,Crocket,677-731-7279,2023999,Accountant
Ernest,V,Crofts,883-878-4569,2026316,IT Technician
Corabelle,R,Cromwell,479-849-6920,2022000,IT Technician
Ralina,A,Croster,441-883-1302,2021690,IT Technician
Benedicto,V,Crust,772-974-0617,2026248,IT Technician
Blinny,,Cubbino,585-959-5790,2022127,IT Technician
Darcey,,Cullinane,865-495-9846,2029942,Janitor
Lanny,V,D'Alwis,998-883-5248,2027457,IT Technician
Heddie,,D'Ambrosi,700-286-2746,2028633,Programmer
Jessee,,D'Antonio,407-687-1869,2025250,Accountant
Lavena,S,Dagnall,673-464-4041,2024800,NULL
Madison,B,Daintrey,492-775-8064,2020298,Programmer
Dot,M,Dalziel,441-980-9978,2025587,Accountant
Guthrie,,Dandie,179-223-9650,2029421,Accountant
Nola,G,Dangerfield,266-577-9061,2023995,IT Technician
Ellette,I,Daniaud,589-660-8478,2022921,IT Technician
Maressa,B,Dannett,919-428-0058,2022268,Accountant
Yorgo,F,Danson,204-574-1054,2022653,Programmer
Chrissie,T,Darch,293-655-7234,2022942,Project Leader
Nadia,,Darke,944-500-4518,2022391,Food Service Worker
Blair,,Daughtery,425-598-3773,2025882,IT Technician
Alexis,F,Dawbery,171-121-1002,2026804,Programmer
Krissie,I,de Banke,111-548-5843,2020470,Supervisor
Hollyanne,,Dearle,204-369-1032,2025111,IT Technician
Antons,S,Deason,563-588-2931,2027437,IT Technician
Griswold,E,Deboick,516-923-0100,2021925,Programmer
Kevina,,Degan,780-260-1184,2026396,Supervisor
Chrissie,C,Demcak,159-116-6104,2025164,NULL
Dalt,,Demcik,663-941-5442,2022403,Accountant
Karl,L,Demonge,231-216-2741,2024653,IT Technician
Vernor,N,Dendle,703-252-5114,2028620,Programmer
Marjory,E,Derby,521-251-1006,2022775,NULL
Corine,S,Derbyshire,349-617-1706,2024897,Janitor
Corty,X,Deuss,649-972-8685,2028214,Programmer
Aile,X,Dewes,285-587-5417,2027500,IT Technician
Violette,C,Dibbe,729-175-1415,2022665,Food Service Worker
Clare,I,Diess,692-411-0804,2028768,Accountant
Angelle,R,Digman,595-919-2469,2023668,Janitor
Bobbi,R,Dike,114-307-4442,2020225,Supervisor
Jethro,,Diviny,480-658-8983,2029222,Accountant
Matthiew,M,Doberer,452-432-2907,2026082,Accountant
Poppy,L,Doerling,432-989-4439,2023043,Janitor
Elisabetta,,Dominique,191-720-8579,2025659,Project Leader
Ginger,A,Donaho,595-681-2671,2029804,Janitor
Maris,M,Donavan,157-428-5238,2023683,Accountant
Rem,P,Dooher,747-627-8395,2020121,NULL
Lionello,O,Dows,562-527-6651,2027870,Project Leader
Darbie,X,Drake,719-687-2021,2023019,Programmer
Lynde,F,Dreger,523-977-6644,2021328,Programmer
Nissie,M,Drydale,210-501-3605,2029907,Accountant
Tracey,,Duckett,318-122-6571,2024043,NULL
Consuelo,V,Dudeney,886-916-6772,2028283,IT Technician
Amble,,Duffill,102-753-3699,2027495,Supervisor
Alphonso,V,Duffrie,290-600-2299,2021371,IT Technician
Jonis,C,Dugan,667-329-6419,2025792,Accountant
Zia,R,Duguid,827-804-9443,2027905,Programmer
Kenna,B,Dulake,457-386-8128,2021007,Supervisor
Rhetta,T,Dulson,365-363-2176,2029383,Project Leader
Nat,D,Duly,597-608-3150,2021291,Janitor
Gery,V,Durrand,547-414-8739,2024861,Supervisor
Roxine,,Duthie,813-562-0784,2020950,Accountant
Crystal,P,Duval,833-308-2872,2023788,Janitor
Sanson,,Dyshart,561-896-1451,2020942,Janitor
Myrilla,,Eagan,799-221-4094,2029841,Programmer
Ginnie,H,Eaglesham,974-584-0085,2024105,IT Technician
Laurence,L,Easeman,756-758-2989,2023195,IT Technician
Marcelle,G,Ebertz,798-964-6015,2022264,Programmer
Arnold,B,Eckhard,541-119-0748,2028752,IT Technician
Clarice,G,Eddoes,869-145-6026,2029185,NULL
Viviana,E,Edgars,336-404-6052,2026127,Janitor
Fawnia,S,Edge,133-381-6152,2023670,NULL
Corella,C,Edger,193-302-7458,2023115,IT Technician
Toiboid,D,Edlin,692-481-3532,2023449,Supervisor
Shaughn,B,Edling,957-329-5603,2021657,NULL
Rudie,G,Edser,991-153-9556,2020434,Supervisor
Prince,M,Effnert,206-240-3265,2028626,Accountant
Elise,G,Eggleson,202-175-9579,2024022,IT Technician
Charlotta,,Eighteen,876-901-6455,2026237,NULL
Lacee,V,Eisikowitch,841-697-9974,2026664,Accountant
Jephthah,M,Eldin,286-923-5273,2024021,Supervisor
Lauren,E,Elfitt,897-836-1995,2028697,IT Technician
Bonni,V,Elland,812-331-1805,2029350,Accountant
Lovell,N,Elldred,313-319-6315,2025691,IT Technician
Terese,,Ellinor,470-456-2408,2024109,IT Technician
Garrick,,Ells,926-904-6599,2020710,Project Leader
Debora,N,Elmes,312-415-5333,2029729,IT Technician
Kristi,B,Elphinstone,221-972-7569,2027470,NULL
Hillary,P,Elvin,674-901-1795,2021482,IT Technician
Agnola,S,Emblin,544-217-8492,2022864,IT Technician
Helaina,V,Emmatt,123-688-1201,2026840,Janitor
Cross,I,Erat,576-308-0768,2021325,IT Technician
Codie,,Esel,154-548-9975,2026385,Supervisor
Greta,C,Espine,118-120-0097,2024800,IT Technician
Emanuel,S,Etherton,974-825-0109,2027459,Accountant
Lief,D,Etoile,804-814-5354,2026803,Accountant
Rosamond,P,Exer,655-982-7815,2022111,Accountant
Dino,,Fabb,636-755-5750,2029468,IT Technician
Myrta,O,Fairchild,428-289-6329,2029583,IT Technician
Janet,I,Falcus,616-442-5614,2023710,IT Technician
Uriel,B,Fawdry,496-258-9629,2023072,IT Technician
Gilligan,B,Fayter,184-626-2729,2021511,IT Technician
Leora,,Feld,309-773-2907,2023077,NULL
Fidelio,L,Fenny,453-446-6700,2029845,Janitor
Klarika,M,Ferber,989-633-2411,2020189,IT Technician
Delila,B,Fergusson,137-846-7297,2020595,IT Technician
Thadeus,V,Ferrarini,483-180-7643,2023752,Supervisor
Dee dee,,Fidgeon,639-484-5582,2028508,Supervisor
Hi,F,Figin,538-584-3055,2026979,Mission Leader
Ceciley,R,Filyukov,460-930-5757,2023130,Janitor
Jenni,E,Firle,572-187-0587,2027818,IT Technician
Rozelle,R,Fivey,729-451-7188,2028063,IT Technician
Delores,N,Flipsen,789-154-8687,2026339,IT Technician
Evelyn,P,Flores,556-123-5233,2029096,Food Service Worker
Gunilla,,Fonte,815-145-5646,2026979,Supervisor
Angil,M,Fonzo,687-477-5238,2022422,IT Technician
Maje,R,Forestel,358-316-0054,2025817,Programmer
Flory,,Found,645-236-0249,2023193,Janitor
Genevieve,I,Fountaine,989-537-6888,2024351,IT Technician
Jo ann,H,Fowley,106-778-0361,2020347,Accountant
Shanan,O,Frame,306-247-0062,2025243,Accountant
Celestine,,Fremantle,613-859-7008,2025897,IT Technician
Tybi,N,Friedenbach,796-767-2284,2021706,Janitor
Bertina,B,Frowing,563-641-9488,2021141,Food Service Worker
Mela,B,Frusher,386-961-9878,2021600,IT Technician
Dorian,L,Furbank,619-139-0199,2029439,NULL
Marieann,,Furminger,543-973-6208,2020468,Accountant
Earvin,E,Gadman,419-911-6939,2026581,NULL
Welsh,,Gaize,980-394-7367,2029482,IT Technician
Rob,G,Galgey,453-612-8746,2023545,IT Technician
Pyotr,C,Gamlin,110-741-8383,2024993,Accountant
Barnie,G,Gammack,897-301-7596,2028336,NULL
Yolanthe,A,Garcia,878-906-7291,2025826,IT Technician
Patrice,,Garner,203-841-1865,2026196,Accountant
Ninnette,,Garric,568-773-6950,2029297,Accountant
Roxie,S,Garrod,728-665-9739,2025676,IT Technician
Wini,,Gary,219-857-1179,2021993,NULL
Dorisa,,Gatfield,976-775-4822,2023011,IT Technician
Ashlee,A,Gavey,860-698-7203,2023521,Programmer
Lovell,A,Gaylord,922-463-0512,2025242,Supervisor
Kendall,X,Gebb,855-298-0149,2027817,Accountant
Xever,,Geoghegan,111-543-7811,2028458,Accountant
Jacki,,Gerrey,522-351-8785,2026317,IT Technician
Diann,R,Gerssam,333-272-7140,2020988,Programmer
Sharai,E,Gherardini,788-328-1829,2024972,Food Service Worker
Terrance,V,Gianilli,944-421-3194,2023032,Janitor
Lara,G,Gibbons,732-129-5644,2020399,Accountant
Nickolas,A,Gierok,778-918-3894,2028146,NULL
Kellsie,O,Gilli,238-797-0100,2022923,NULL
Reider,C,Gilpin,779-721-0152,2021655,Programmer
Rosalynd,V,Giorgioni,944-943-8938,2020286,Supervisor
Roi,S,Gissing,915-113-4127,2020762,Accountant
Porter,,Given,467-475-2989,2023981,Janitor
Arliene,G,Glanders,631-605-8783,2029669,Food Service Worker
Brok,R,Gleaves,768-417-0159,2023290,NULL
Milt,,Glennon,661-803-1777,2020488,Programmer
Deidre,B,Glyssanne,199-245-8886,2026231,Supervisor
Camey,L,Godin,849-893-8271,2022309,IT Technician
Joice,A,Golds,438-293-6755,2029369,IT Technician
Dani,D,Gorch,127-764-1631,2022146,Programmer
Mariejeanne,O,Gordon-Giles,245-515-7516,2027724,IT Technician
Aldin,,Goretti,496-226-2934,2028372,IT Technician
Caspar,,Gorgler,952-859-9249,2024442,IT Technician
Petronia,L,Goseling,322-331-0478,2022143,IT Technician
Nathan,,Gostyke,883-608-0835,2022557,IT Technician
Gavra,C,Gowen,416-980-0629,2027983,IT Technician
Wallas,C,Gowry,569-706-8984,2022537,Supervisor
Anson,X,Gowthorpe,297-944-6443,2028221,Supervisor
Kaila,F,Graffham,257-706-6596,2029766,Programmer
Arron,,Gravener,297-336-5871,2020104,IT Technician
Bertram,I,Greenrde,498-655-0942,2023002,NULL
Alica,V,Greenrodd,935-544-5523,2022713,Accountant
Amata,,Greensitt,430-856-1692,2029149,IT Technician
Damien,S,Greenway,727-169-7090,2026095,Project Leader
Pamela,D,Greest,535-716-2085,2029250,Accountant
Jackie,T,Greser,493-898-7657,2026700,IT Technician
Freddy,,Gribbell,510-662-8802,2020049,Accountant
Coreen,S,Gribbins,210-364-8367,2028456,Accountant
Ray,E,Grimsdale,516-166-6444,2020564,Janitor
Roddy,V,Grinham,245-255-8420,2026278,NULL
Davis,S,Grinnell,711-765-5687,2029348,Janitor
Alyda,D,Gronow,696-138-0196,2026491,Supervisor
Kelcy,,Grumble,637-722-1526,2027458,IT Technician
Abigail,M,Guierre,803-378-5508,2022264,Accountant
Bernie,V,Guilayn,469-975-8565,2024005,IT Technician
Catlee,X,Guilloux,654-977-5958,2022334,IT Technician
Shoshanna,O,Guilloux,172-528-4577,2026090,Janitor
Rudie,N,Gulland,570-500-5713,2021386,Accountant
Roze,M,Gumary,370-730-1718,2020469,Food Service Worker
Estrellita,R,Gutans,471-136-2137,2021405,Supervisor
Patrizius,E,Gynne,219-747-6236,2024022,IT Technician
Pat,B,Gyver,353-330-0980,2025956,Programmer
Malissia,T,Gyves,406-853-5906,2024873,Janitor
Lyndell,L,Haborn,124-302-9704,2024157,IT Technician
Hi,S,Hackey,643-725-9745,2024758,IT Technician
Ethyl,P,Hackney,237-808-9520,2024983,Accountant
Andrea,S,Haime,972-607-7353,2028051,IT Technician
Gib,T,Hallwood,537-688-1630,2023802,Food Service Worker
Rebeka,S,Hambling,312-373-4043,2022960,IT Technician
Munmro,O,Handscomb,791-189-7941,2026104,Janitor
Uriah,N,Hanscom,638-613-1568,2023712,Accountant
Lou,G,Hansel,268-626-7995,2025459,IT Technician
Angel,,Hanson,121-607-0223,2027809,Accountant
Christie,H,Hardage,114-356-6732,2029810,IT Technician
Otto,,Hardiker,192-465-6574,2023931,Programmer
Merrielle,,Hardistry,212-581-3051,2029562,NULL
Zedekiah,S,Hardwich,918-996-5201,2020525,Janitor
Pedro,F,Hartshorne,811-999-4733,2022999,NULL
Winne,,Havvock,141-389-2803,2026223,Food Service Worker
Kleon,B,Hawkin,653-918-3163,2029233,NULL
Genovera,R,Hayland,621-949-8561,2024240,Accountant
Angelia,A,Hazelgreave,230-748-9106,2029362,Accountant
Tarra,,Head,962-573-2092,2027761,Supervisor
Helyn,H,Healings,724-598-3128,2029681,Food Service Worker
Oriana,H,Heavens,619-678-9306,2024895,Food Service Worker
Katy,P,Hedling,377-298-3182,2020215,Programmer
Sarine,I,Hedylstone,174-268-6563,2026458,IT Technician
Corrina,R,Heephy,248-116-5997,2029218,Mission Leader
Ferdinand,M,Heggman,924-695-8050,2022317,Supervisor
Erv,M,Heigho,744-628-4760,2022784,Accountant
Jodie,D,Helian,189-225-3246,2024953,IT Technician
Armand,P,Hellewell,215-247-8874,2024575,Supervisor
Hailey,A,Hendin,342-955-8939,2023635,IT Technician
Bianca,V,Hendren,142-813-8752,2022206,Accountant
Bay,G,Henstone,846-642-3781,2025378,Supervisor
Mikaela,,Hercock,518-642-6283,2026437,Accountant
Blancha,B,Heritege,180-990-8712,2020654,NULL
Hall,X,Hilhouse,426-216-7598,2025757,IT Technician
Bianka,,Hillburn,639-689-7341,2020181,Programmer
Patsy,,Hindhaugh,627-295-4485,2029412,NULL
Elianore,N,Hinkes,292-405-2346,2026283,IT Technician
Tobie,F,Hintze,482-984-6497,2024846,IT Technician
Niall,X,Hixson,610-886-9248,2027145,IT Technician
Mitchel,F,Hoggins,938-712-5708,2021689,IT Technician
Malena,,Hollow,289-876-8756,2027340,IT Technician
Britney,D,Horstead,583-939-1734,2026386,Janitor
Finley,F,Howsley,713-400-8351,2025085,IT Technician
Percy,H,Hugonin,284-769-2781,2023625,Programmer
Adamo,V,Hull,921-183-9794,2020216,IT Technician
Berny,P,Humphris,499-238-3848,2022742,IT Technician
Fredia,O,Hunnicutt,229-344-9614,2027116,IT Technician
Brandtr,E,Hurd,798-813-2363,2027456,IT Technician
Jaymie,E,Huws,276-638-6068,2024243,IT Technician
Bevvy,R,Ianniello,265-296-0456,2027798,IT Technician
Rhianon,S,Ible,149-863-8723,2020467,IT Technician
Adiana,M,Idiens,534-246-4083,2022340,IT Technician
Egor,O,Idle,864-982-9882,2023671,NULL
Gabi,P,Illing,324-192-2773,2023387,NULL
Nana,E,Ilymanov,281-178-6425,2023837,IT Technician
Hersh,L,Inde,357-917-1879,2027518,IT Technician
Angus,D,Ingleton,751-936-5329,2027927,IT Technician
Maridel,M,Iohananof,912-981-2612,2025005,Mission Leader
Brok,X,Issatt,615-250-1048,2027980,IT Technician
Jaquelyn,H,Ivain,721-367-0099,2020726,IT Technician
Hilly,,Ivakin,464-891-5445,2023946,Programmer
Sayre,L,Izkovici,718-168-0017,2025866,NULL
Debora,D,Jaggard,369-704-3402,2027014,Programmer
Alameda,,Jammes,169-897-7410,2029977,Supervisor
Zachary,,Jammet,130-470-0533,2022177,IT Technician
Noni,,Janaud,186-419-1875,2022703,Accountant
Kacie,,Jancey,178-875-5331,2027116,Janitor
Cal,,Janicijevic,381-646-0714,2022064,Janitor
Tara,E,Jeafferson,237-612-7098,2020996,Supervisor
Malvin,M,Jeandet,825-304-5554,2029378,NULL
Antonio,,Jeannequin,701-884-5541,2022060,IT Technician
Budd,C,Jecock,693-573-4703,2022593,IT Technician
Morley,B,Jentin,954-591-1612,2023839,Accountant
Lilith,D,Jerrom,585-592-3291,2028949,Food Service Worker
Marietta,T,Jessep,885-632-7661,2026005,IT Technician
Rod,H,Jiggen,866-975-2415,2022913,IT Technician
Prudy,R,Jiggle,818-811-0574,2021561,Programmer
Flinn,A,Johnstone,367-573-9351,2020423,IT Technician
Jonah,P,Joicey,641-795-1385,2022596,Accountant
Oates,C,Joist,506-252-7627,2020251,Supervisor
Rufe,,Jordi,599-144-4544,2027107,NULL
Ernest,I,Jore,652-637-4184,2025125,Janitor
Von,B,Jorger,462-875-9893,2020898,Programmer
Myrtie,R,Jovanovic,713-691-9194,2027636,Project Leader
Jordanna,,Jull,988-821-4474,2027166,Accountant
Carlos,,Jzhakov,378-687-4784,2028391,Programmer
Rowney,,Kearle,641-385-0732,2028522,IT Technician
Mickey,B,Kearsley,739-577-9643,2027557,Programmer
Catie,T,Keegan,748-813-4585,2022205,IT Technician
Dall,,Kelk,535-379-2654,2026985,IT Technician
Jody,O,Kelsall,785-509-1602,2022963,Accountant
Shari,A,Kemetz,155-988-9017,2026557,Programmer
Yasmin,,Keneforde,764-184-4909,2029845,NULL
Amelita,,Kerbey,277-508-8938,2029706,NULL
Bastian,M,Ketchell,991-476-3209,2021062,IT Technician
Bobbi,D,Keyzman,540-359-1408,2029151,IT Technician
Aubrey,M,Kindleside,775-153-5673,2024093,IT Technician
Stanly,N,Kingcote,512-201-5230,2027546,Accountant
Verna,A,Kingdon,718-610-6787,2020986,Janitor
Norri,,Kingsnod,883-409-5381,2025227,Accountant
Nissie,C,Kirkness,719-966-6709,2022127,IT Technician
Zabrina,T,Kirman,857-912-3483,2020704,NULL
Sheela,X,Kitchaside,689-910-7205,2023891,IT Technician
Barby,D,Kittle,826-721-5466,2028743,Janitor
Aloysius,,Kleinlerer,759-725-8599,2021298,IT Technician
Sissie,H,Kliche,700-578-2190,2026650,NULL
Juan,,Knightsbridge,438-259-3779,2020209,Accountant
Pierce,L,Knott,469-513-5453,2021344,IT Technician
Foss,A,Kochel,719-681-1044,2021753,Accountant
Raimondo,,Kohtler,453-420-4170,2023034,NULL
Alli,,Kondratowicz,786-501-7682,2027757,IT Technician
Ginny,F,Kopje,663-379-4596,2026024,Supervisor
Eyde,R,Kordovani,165-813-9383,2023748,NULL
Pearl,A,Korejs,922-908-4849,2028029,NULL
Brnaby,M,Koubek,127-441-2813,2025170,IT Technician
Feodora,,Kroger,193-540-4939,2025798,NULL
Fancy,R,Lacer,302-768-9216,2028336,IT Technician
Suellen,X,Lackington,260-325-5125,2024591,Supervisor
Katie,,Laffoley-Lane,732-179-5472,2027998,Mission Leader
Felicle,T,Lahiff,617-337-7784,2026491,IT Technician
Itch,H,Laidel,304-418-8747,2021153,IT Technician
Alister,F,Lambole,578-981-7519,2026045,Janitor
Constancy,E,Lambricht,310-239-0796,2027818,Accountant
Emilio,R,Lammin,947-985-4308,2023256,Programmer
Ibby,D,Lampl,744-128-8240,2028188,IT Technician
Melisenda,,Lapping,467-144-6015,2021081,IT Technician
Lori,M,Larmett,689-694-0724,2028744,IT Technician
Wyndham,G,Larvin,605-477-2893,2023476,Supervisor
Ashby,E,Lathy,546-293-0734,2024207,IT Technician
Robin,,Laudham,748-653-4072,2028596,IT Technician
Shell,V,Laughlin,369-186-7546,2029086,Programmer
Mischa,E,Lavender,736-639-8213,2026182,Accountant
Thane,O,Lawie,606-867-1852,2024972,Accountant
Gussie,,Laydon,375-839-7593,2024387,Supervisor
Viole,N,Laydon,912-690-4919,2027539,Supervisor
Milli,C,Leatham,745-465-8475,2023302,IT Technician
Yoko,,Lebbern,541-627-0452,2027453,Janitor
Carmela,I,Leghorn,113-489-3160,2028258,Accountant
Binky,,Lemanu,450-882-2833,2029099,IT Technician
Pancho,C,Leonard,508-664-1445,2023782,Accountant
Tabitha,B,Leonardi,874-883-5042,2021310,IT Technician
Page,N,Lernihan,772-193-3763,2028677,Supervisor
Teri,H,Leroy,302-215-9525,2020220,Programmer
Ros,M,Lester,160-689-4176,2029731,IT Technician
Mair,T,Letchford,163-524-0688,2023699,IT Technician
Isidro,X,Leydon,737-143-5008,2021842,IT Technician
Dacie,B,Liley,415-262-6560,2021216,IT Technician
Mame,N,Lillyman,415-855-8576,2025274,Accountant
Jania,,Lindroos,598-154-5573,2021789,IT Technician
Lisha,,Lindsley,973-756-4814,2026650,IT Technician
Brenden,V,Lipman,838-972-6284,2020500,IT Technician
FNAME,MI,LNAME,PHONE_NUM,WORK_ID,TITLE
Aleda,N,Loachhead,921-357-8428,2024672,NULL
Rolph,,Lober,213-726-4340,2029961,IT Technician
Kalina,O,Logie,430-976-0333,2029700,NULL
Katrine,V,Loidl,218-219-1029,2029522,IT Technician
Toddie,G,Longdon,220-254-6124,2022625,IT Technician
Vinny,A,Longstaff,315-541-8774,2028048,Accountant
Margit,A,Lowndsbrough,837-258-2770,2021349,Project Leader
Lilyan,A,Luchelli,658-788-9964,2025537,Accountant
Keary,N,Lucus,997-997-0310,2021901,IT Technician
Stephi,L,Luetchford,887-922-1517,2021729,Accountant
Bonita,B,Lutty,882-870-3805,2027260,Janitor
Temp,T,Mably,279-579-8044,2023307,Janitor
Bjorn,,MacAdam,562-735-6790,2024762,Food Service Worker
Lanette,C,MacAlpine,676-948-4958,2028403,IT Technician
Joelie,R,Macauley,986-183-4913,2021711,Food Service Worker
Lorrin,S,MacCallam,732-972-6640,2026778,Janitor
Andrus,E,MacClinton,906-140-0873,2029386,Programmer
Mabelle,H,MacComiskey,924-828-3044,2022167,Accountant
Dietrich,L,MacIlriach,164-911-4359,2022196,Food Service Worker
Silvano,E,MacKaig,299-518-1809,2026228,Janitor
Jacky,E,MacKeague,864-644-0568,2020460,IT Technician
Nomi,,MacLennan,719-362-9673,2029750,Janitor
Rosanna,D,MacNulty,145-845-1565,2021641,Janitor
Rollin,,MacUchadair,708-655-9672,2028795,IT Technician
Juana,C,Madgett,907-289-9262,2027862,Accountant
Yevette,N,Maguire,563-807-2111,2027650,Accountant
Melinda,M,Mailey,188-621-1198,2024209,IT Technician
Ruperto,F,Makiver,204-203-3144,2025784,Programmer
Elbertina,R,Malby,511-697-4493,2024534,Accountant
Armand,G,Mallaby,908-410-0862,2025054,IT Technician
Annabela,D,Malter,354-193-7918,2021449,IT Technician
Munmro,T,Mandeville,863-154-2544,2028707,IT Technician
Isabeau,B,Manes,591-124-2241,2026810,Janitor
Ogdan,T,Manford,507-137-4171,2025080,Supervisor
Alyssa,,Mangham,680-865-3047,2029283,NULL
Hilliary,E,Maple,628-682-4611,2028499,IT Technician
Loralyn,G,Mapledoore,244-705-1961,2020210,IT Technician
Mignon,B,Marco,671-612-3152,2028043,IT Technician
Angy,F,Margery,795-219-6480,2028564,Janitor
Adelice,T,Maron,545-392-3182,2025098,IT Technician
Ailene,,Martinelli,848-540-1531,2027751,Supervisor
Catherin,L,Martinolli,452-722-9042,2024500,IT Technician
Dora,O,Masdin,993-206-4405,2022015,Supervisor
Alanna,X,Matevosian,698-991-4102,2020805,IT Technician
Gabi,N,Mathan,889-963-4916,2028774,NULL
Grier,A,Matthewson,323-209-4212,2021340,Programmer
Emelen,O,Mattia,439-892-4800,2029340,Janitor
Brenn,O,Matura,322-253-4608,2020783,IT Technician
Blair,H,Maunton,284-487-8666,2029019,Project Leader
Allianora,N,Maw,290-494-8907,2025330,Supervisor
Konstanze,,Maylott,727-419-6692,2023293,Accountant
Opaline,B,McAllen,491-936-6389,2020747,IT Technician
Myrah,E,McAuliffe,769-596-7560,2021932,NULL
Cart,,McClay,983-910-3286,2027471,NULL
Yorgo,X,McColm,327-122-3303,2023416,Janitor
Marleen,N,McCooke,990-923-0449,2024000,Accountant
Vilhelmina,G,McCormack,845-624-1446,2021991,IT Technician
Rockwell,V,McCreary,978-412-9302,2021709,IT Technician
Salaidh,S,McDonell,269-836-1744,2027938,Food Service Worker
Evelina,,McElvine,921-393-2084,2021912,IT Technician
Lila,O,McGerraghty,822-191-8786,2025523,Supervisor
Derick,L,McGougan,499-803-4093,2020027,Programmer
Magda,A,McIlory,791-434-6247,2029425,Supervisor
Gwyneth,,McInnery,615-198-6487,2023568,IT Technician
Alidia,D,McKim,219-444-9286,2021238,IT Technician
Brewster,,McLeish,220-725-4556,2029771,Accountant
Wenda,R,McLice,391-386-4854,2022408,Supervisor
Nesta,R,McMahon,300-982-6469,2021132,NULL
Fulvia,P,McMeekan,626-760-7126,2027523,Programmer
Daron,,McMurraya,426-657-7494,2021621,Programmer
Bendite,N,McNulty,868-956-7565,2025196,IT Technician
Leicester,F,McPhilip,151-928-2575,2021317,IT Technician
Fedora,A,McReynolds,638-425-8209,2027427,IT Technician
Patrice,L,McRobbie,850-601-1595,2029661,IT Technician
Sayers,,McShirie,453-557-0986,2025492,Accountant
Tad,,McVeagh,701-810-5272,2025751,IT Technician
Elvyn,,Mearns,104-585-2503,2028907,Programmer
Hilarius,R,Measen,453-486-0115,2026931,IT Technician
Whitman,M,Medlar,420-591-2324,2022497,NULL
Rafferty,X,Medlen,466-593-9439,2027381,IT Technician
Erhard,,Melby,479-501-4669,2028122,NULL
Tatiania,N,Mellers,430-617-8252,2024051,Accountant
Jameson,A,Merrall,990-347-6466,2024737,Accountant
Ryley,F,Mingauld,376-162-9883,2024399,IT Technician
Benedicto,B,Mirfield,852-352-8861,2026152,Janitor
Mabel,D,Miskimmon,892-484-0500,2027918,NULL
Allyson,S,Mitkov,378-245-1776,2028099,NULL
Findlay,,Montel,583-997-2795,2025696,IT Technician
Anet,M,Montrose,296-851-8658,2023531,Accountant
Trefor,C,Moodycliffe,585-525-9505,2023123,Supervisor
Izak,G,Moores,889-633-2102,2025461,Accountant
Der,G,Moquin,473-810-3777,2028036,Mission Leader
Lionello,B,Moreton,151-867-1684,2020565,IT Technician
Courtnay,C,Morrallee,110-705-0276,2024411,NULL
Zara,L,Mowne,170-866-1266,2020155,Supervisor
Ermentrude,N,Muckleston,961-806-2659,2025576,Programmer
Humfried,M,Muggleston,735-407-9229,2025103,Supervisor
Leela,G,Mulford,104-754-3922,2020489,Food Service Worker
Alleen,O,Mulles,296-989-3889,2027941,Supervisor
Lenna,D,Murford,438-102-8047,2020152,IT Technician
Christoper,,Murrells,902-944-1773,2029266,Janitor
Kate,A,Murrhardt,692-288-8972,2029839,NULL
Linette,I,Mustard,313-369-0547,2028659,Supervisor
Wally,,Naire,139-869-9260,2020842,IT Technician
Edeline,D,Nehl,724-255-7105,2025393,IT Technician
Base,O,Newell,159-415-9548,2021776,Supervisor
Helaina,X,Nisard,375-414-3352,2026485,NULL
Bennie,,Noquet,280-169-2097,2022956,Janitor
Josh,P,Norledge,168-443-8914,2025563,Janitor
Codie,R,Normanton,203-666-6650,2020751,Accountant
Morlee,F,Norvell,593-316-4837,2027913,Mission Leader
Leeanne,E,Nower,166-904-2474,2023709,Programmer
Olia,A,Nutley,702-439-8942,2023176,NULL
Dawn,S,O'Driscole,463-549-6598,2024678,Accountant
Dix,X,O'Hoey,367-144-2191,2029564,Accountant
Jaimie,T,O'Lenechan,445-455-9090,2023554,Janitor
Natassia,I,O'Logan,370-705-0016,2023460,Supervisor
Fair,I,O'Rourke,201-655-8003,2028240,Food Service Worker
Heall,C,O'Scandall,601-955-8438,2022560,IT Technician
Mara,M,Oakenfield,578-972-2212,2022398,IT Technician
Bellina,X,Oldroyde,126-219-4363,2023630,Accountant
Terese,N,Orvis,884-291-0617,2022246,IT Technician
Riva,,Owlner,364-994-4801,2023213,Programmer
Nanice,,Oxby,971-974-3786,2021981,IT Technician
Hayley,S,Oxer,936-424-0584,2020529,Accountant
Thorstein,T,Paddie,486-691-2482,2029835,Accountant
Latashia,,Pallasch,671-295-7990,2029716,IT Technician
Mirabel,,Palmby,397-615-9646,2023011,Project Leader
Rivy,V,Panas,971-163-7251,2026140,Supervisor
Maryjane,,Papen,864-166-8642,2029531,Programmer
Tann,F,Parken,956-193-8933,2022585,Supervisor
Petr,L,Paroni,208-590-9578,2021214,Accountant
Rhoda,G,Pauletti,996-845-2910,2021881,Janitor
Lira,H,Pauletti,558-117-9589,2026826,Supervisor
Gordie,,Paunsford,603-967-9156,2026000,Food Service Worker
Judye,X,Pawel,240-627-8745,2025806,Programmer
Stefan,A,Payfoot,798-494-6684,2028477,IT Technician
Zacharie,C,Peacocke,171-266-2509,2025751,Accountant
Astrid,V,Pearmine,901-845-4019,2027543,IT Technician
Thekla,,Pears,699-918-9438,2022970,Accountant
Marney,V,Peasgood,432-464-0566,2024258,IT Technician
Diena,B,Pechell,791-395-3593,2027778,IT Technician
Kristos,G,Pengilley,656-959-7728,2027253,Accountant
Stafani,L,Penwarden,318-487-8408,2028149,IT Technician
Hildy,S,Percifer,858-510-3284,2029265,Accountant
Milton,L,Perel,815-247-5425,2025226,Programmer
Vanessa,S,Perillio,547-568-7647,2029125,Accountant
Toby,,Peris,236-501-7346,2022109,IT Technician
Sidonnie,A,Permain,860-353-9882,2026944,IT Technician
Alphonse,A,Perring,355-499-9523,2026711,IT Technician
Catlee,V,Petersen,644-986-0062,2027297,Food Service Worker
Rodge,I,Petit,355-108-3682,2028452,Food Service Worker
Tabb,S,Petrasso,859-620-8144,2021082,Janitor
Kaylee,P,Pfeifer,117-642-2583,2024684,Accountant
Veronique,L,Phillott,453-973-0786,2020887,IT Technician
Filide,S,Philpot,820-249-3657,2024799,IT Technician
Eugenio,,Pike,723-639-8736,2020554,IT Technician
Fergus,D,Pimblotte,319-166-4264,2023490,Accountant
Herby,F,Pimlott,628-452-9256,2028172,Programmer
Bunny,F,Pina,440-936-3694,2024912,Programmer
Zachary,,Pinar,278-806-7575,2029465,Food Service Worker
Robinson,L,Pinkstone,551-655-5618,2028697,Accountant
Tammara,B,Pinnegar,381-281-7532,2029420,IT Technician
Nat,F,Pipping,962-110-2384,2027788,IT Technician
Karisa,C,Pipworth,124-841-5509,2021438,NULL
Wendell,T,Pleat,411-876-5442,2027816,IT Technician
Danny,X,Poff,812-309-8239,2028422,IT Technician
Richart,I,Pomfrey,719-500-1059,2024447,IT Technician
Maridel,H,Potter,825-805-4686,2020733,Supervisor
Granny,O,Poulsum,922-856-0673,2020309,Accountant
Ashia,P,Pratchett,224-409-6756,2020486,IT Technician
Bobina,S,Pratley,953-669-3497,2021958,Accountant
Gigi,,Presslie,914-375-9875,2027876,Accountant
Roobbie,L,Pretsel,492-291-7694,2025129,Programmer
Franky,L,Prevett,858-707-4440,2023235,IT Technician
Odelle,,Pride,970-702-5350,2025299,IT Technician
Douglass,,Pullman,527-670-4864,2024042,IT Technician
Fredelia,,Pulman,251-394-1202,2025221,Accountant
Meggy,E,Pumfrey,328-305-7736,2027060,Accountant
Lucius,M,Punchard,876-473-9920,2021346,Project Leader
Lexy,M,Puttergill,191-977-2165,2025817,IT Technician
Charil,C,Putterill,144-782-9300,2026880,Supervisor
Marti,T,Quittonden,318-537-0461,2025798,Janitor
Adriano,D,Raddon,943-515-5067,2020460,IT Technician
Latia,,Raggatt,326-514-2960,2023492,NULL
Eziechiele,O,Raikes,973-463-7176,2022941,NULL
Fowler,,Ralph,844-780-1413,2023224,Supervisor
Allsun,X,Ramsay,305-947-4768,2028589,NULL
Georgianna,N,Randle,562-502-3064,2027912,Supervisor
Rodrick,H,Ranshaw,808-832-5209,2023391,Project Leader
Chiquia,S,Rapa,321-376-2460,2021986,NULL
Tobe,C,Ratchford,447-422-1346,2025855,IT Technician
Lorinda,I,Rawdall,385-358-0966,2023059,Accountant
Aguste,N,Rawsthorne,584-629-1378,2020237,Accountant
Skipper,,Raymond,685-586-9954,2027469,Food Service Worker
Evelyn,E,Rebillard,137-634-4286,2022160,Supervisor
Tim,,Reditt,303-812-1628,2022369,IT Technician
Joanne,,Reeves,626-623-9622,2028057,Accountant
Afton,S,Regis,916-779-8902,2024777,IT Technician
Yankee,,Reijmers,871-664-4897,2022525,IT Technician
Joyous,A,Rennick,728-373-6121,2023832,IT Technician
Rose,O,Renzo,926-272-1677,2028664,IT Technician
Michaelina,A,Reside,626-594-3739,2022787,Janitor
Kaine,A,Rhoddie,158-392-5559,2026095,IT Technician
Katti,O,Richt,906-236-0277,2028459,Janitor
Audra,L,Rickaert,572-811-1337,2025148,IT Technician
Staffard,C,Riddock,798-655-1204,2025584,IT Technician
Lambert,B,Ridgwell,499-787-0836,2020298,Supervisor
Meier,O,Riepel,790-257-3505,2024388,Project Leader
Fania,,Risbie,624-316-6460,2022613,IT Technician
Lorine,S,Riseley,255-882-9377,2027118,IT Technician
Allx,E,Ritmeyer,756-270-6222,2021832,NULL
Melantha,M,Robun,195-990-9758,2021682,Supervisor
Renate,,Rodie,272-933-7008,2023147,IT Technician
Thalia,N,Rodwell,326-851-5033,2022737,IT Technician
Erin,G,Roff,239-783-7232,2025834,Janitor
Liza,,Rolling,189-685-3232,2029608,IT Technician
Eilis,V,Rollingson,506-531-7157,2028160,IT Technician
Ricoriki,C,Rolph,590-175-0101,2021216,NULL
Janaye,G,Roobottom,816-271-6928,2029441,IT Technician
Arty,C,Rosel,737-921-0145,2024892,Supervisor
Monika,N,Rosenblatt,779-237-8879,2026022,Janitor
Rutledge,,Rosendorf,717-825-5067,2026885,Supervisor
Milena,M,Rosenfrucht,689-872-7764,2027281,Supervisor
Gail,F,Rosenwasser,194-770-9060,2028093,IT Technician
Kassi,G,Roussell,993-292-9326,2022024,IT Technician
Tades,S,Rowsell,481-927-7814,2029175,Supervisor
Gerrie,D,Roxbrough,448-592-6091,2026031,IT Technician
Marjy,T,Rubenov,290-144-5327,2024449,Accountant
Em,S,Ruby,205-193-4264,2020387,IT Technician
Hagan,P,Ruddiman,824-694-1956,2023575,Accountant
Elisabetta,O,Ruddlesden,117-905-4475,2026466,Supervisor
Claus,S,Ruff,808-103-1590,2025294,Programmer
Gloriane,,Ruttgers,750-483-3535,2029424,Food Service Worker
Fonz,F,Ryott,325-336-3278,2027553,Janitor
Grethel,E,Sabbin,922-641-9244,2026911,Accountant
Gwyneth,N,Sacco,656-334-0227,2024176,IT Technician
Tremaine,P,Safhill,546-840-5235,2028623,IT Technician
Beverlee,S,Salan,458-792-4201,2029725,Mission Leader
Estelle,A,Saltman,809-846-2415,2021159,Accountant
Felecia,F,Sanpere,313-357-2168,2024350,IT Technician
Tersina,O,Scamp,373-599-6778,2024469,Food Service Worker
Amanda,,Scanlan,609-889-7486,2027094,IT Technician
Nikolaus,,Schapiro,858-163-3844,2024204,Supervisor
Winnie,L,Schelle,897-340-2703,2027711,IT Technician
Luisa,E,Schoenrock,528-877-7294,2020133,IT Technician
Isabeau,V,Schuck,699-971-6965,2020585,IT Technician
Cam,D,Schuster,965-726-0919,2028740,Supervisor
Gillie,N,Schwandner,402-104-3883,2023246,IT Technician
Andreas,B,Schwieso,258-217-7597,2023674,IT Technician
Jeffie,E,Scirman,181-845-0026,2029468,Janitor
Etheline,A,Scothorne,240-471-4108,2028165,IT Technician
Heall,L,Scothorne,308-506-0715,2027834,Programmer
Dani,,Scotter,443-203-0498,2026305,IT Technician
Erminie,X,Scoullar,512-185-0292,2028865,NULL
Sully,M,Scraggs,748-538-8362,2026604,Accountant
Piggy,N,Scryne,375-253-8690,2023573,Janitor
Glen,,Scutching,510-784-9878,2026502,Janitor
Arliene,M,Scutter,308-352-3968,2020437,Supervisor
Reuben,A,Searl,355-110-0035,2021369,Accountant
Lebbie,G,Semechik,109-522-7284,2026328,Programmer
Donni,I,Senogles,160-886-8988,2027041,Supervisor
Idette,X,Serfati,752-243-8639,2027924,NULL
Benedick,R,Setchell,357-431-0831,2028598,Supervisor
Grissel,C,Sewell,378-118-0141,2027395,Accountant
Oberon,,Shannon,425-503-9413,2021073,NULL
Adiana,N,Shapcott,535-858-9447,2027711,IT Technician
Catherine,O,Sharrard,948-468-5978,2027527,IT Technician
Fredra,,Shavel,983-844-6136,2025346,IT Technician
Adelina,D,Sheerin,487-352-2288,2029624,Programmer
Ester,,Shefton,108-105-0591,2026040,NULL
Carter,I,Shelmardine,283-712-5647,2028904,Food Service Worker
Dido,N,Shillan,691-929-2693,2027329,NULL
Adele,M,Shimmings,912-889-5826,2025382,Accountant
Desi,,Shimoni,997-780-9991,2023632,Janitor
Jackelyn,N,Shingler,597-201-1665,2027968,IT Technician
Meryl,V,Shivlin,441-499-2056,2029512,NULL
Arvy,,Shortall,824-483-2050,2023576,Janitor
Bentley,,Showl,891-566-0638,2022772,Accountant
Guglielmo,A,Shurey,986-375-8676,2028228,IT Technician
Prue,,Sidwell,865-173-0262,2028372,Accountant
Neely,X,Sidwell,785-284-8792,2021226,IT Technician
Stanley,A,Sillito,633-516-4503,2026774,NULL
Amity,,Sills,559-265-0209,2020863,NULL
Arnold,A,Simecek,834-160-8355,2020354,Programmer
Lilith,,Simeoli,734-199-7619,2023561,Programmer
Christabel,H,Simeone,860-376-3654,2023724,Programmer
Toma,,Simison,564-182-5839,2023246,Janitor
Liv,,Simmank,858-935-9965,2024144,Janitor
Reggie,V,Simner,777-465-4831,2023720,Accountant
Julio,A,Simonsson,942-632-1028,2029489,Food Service Worker
Gustavus,O,Sinclair,948-383-4213,2020719,Programmer
Levey,H,Sindle,964-330-4701,2020474,Janitor
Burr,L,Sineath,872-576-4661,2025780,IT Technician
Sigismond,F,Sinkings,299-962-0496,2028126,IT Technician
Dwight,,Sisneros,218-989-2954,2029664,NULL
Claudius,,Skacel,861-353-7123,2027692,Accountant
Avictor,A,Skiplorne,378-218-0452,2023485,Programmer
Humphrey,B,Skotcher,789-272-9725,2027259,Project Leader
Laura,T,Skryne,916-680-0941,2021885,Janitor
Klaus,S,Skudder,776-475-1454,2029206,IT Technician
Arv,C,Slany,169-323-7041,2022510,IT Technician
Cordie,D,Slatter,690-940-6373,2021752,NULL
Inga,,Sliman,679-833-4781,2027161,Janitor
Jarib,C,Smaling,413-496-6556,2025132,IT Technician
Olivier,T,Smalles,449-232-2054,2023934,Janitor
Gil,F,Sneath,620-758-1567,2026242,IT Technician
Petra,M,Snibson,423-690-7253,2027550,Food Service Worker
Cesar,T,Soaper,561-828-5365,2020973,Accountant
Anthe,I,Solloway,757-266-4780,2028124,IT Technician
Haley,E,Sollowaye,631-166-4071,2028937,Janitor
Ines,L,Southcoat,483-401-0697,2021867,Supervisor
Herta,B,Southernwood,947-270-6603,2020868,Programmer
Kaila,P,Spada,132-918-9725,2020091,IT Technician
Zed,,Spain-Gower,224-749-5647,2023372,Janitor
Kylen,O,Spalton,123-807-5085,2021600,Supervisor
Rand,L,Spencook,362-930-4216,2026545,IT Technician
Nil,O,Spiers,765-388-4121,2028587,IT Technician
Alyce,D,Spikins,895-417-8997,2024771,IT Technician
Grantley,,Spinas,714-248-7198,2026912,IT Technician
Waldemar,V,Spottswood,647-151-3662,2026983,Accountant
Tiena,L,Spykins,344-930-7950,2021168,Accountant
Eziechiele,I,St Louis,327-254-3337,2022977,Janitor
Marcel,E,Stainson,102-739-0851,2021377,Project Leader
Barnett,H,Staley,621-189-8219,2021219,Programmer
Chet,G,Stanlick,163-472-8621,2024648,IT Technician
Lorinda,L,Stannislawski,624-233-5641,2020415,Programmer
Steve,R,Statefield,765-471-6664,2020618,Accountant
Wally,T,Staterfield,509-502-0854,2022902,NULL
Sergei,G,Staveley,572-518-1522,2027803,Janitor
Hasheem,H,Steade,744-171-0329,2025477,IT Technician
Tod,F,Stelli,690-850-1478,2020511,Accountant
Tommi,H,Stiff,411-734-5920,2021273,Supervisor
Conn,,Stilgoe,866-444-2285,2027540,IT Technician
Kaela,B,Stooders,263-714-1420,2026947,Janitor
Neille,E,Stott,333-760-3300,2027412,IT Technician
Hedvige,,Strathdee,125-437-9117,2024815,Accountant
Chauncey,V,Strutt,122-639-5225,2024712,IT Technician
Kassey,C,Sturdgess,640-650-8011,2022097,Janitor
Towny,,Sturgis,824-829-3120,2026957,Janitor
Stephani,T,Stutter,607-353-8618,2025284,IT Technician
Codi,B,Sudlow,405-856-4576,2022011,Accountant
Guillermo,,Summerlad,650-132-9885,2028831,IT Technician
Ambros,V,Sumpner,384-330-6603,2022562,IT Technician
Armando,M,Sute,949-201-3479,2021039,IT Technician
Skipp,R,Swain,261-959-4515,2023902,IT Technician
Joeann,,Swannick,232-201-6418,2026065,IT Technician
Norma,B,Swatten,385-343-1693,2020043,Food Service Worker
Kalinda,I,Synnot,584-412-9812,2023813,IT Technician
Cornie,C,Tame,403-838-6377,2028714,Janitor
Glynn,,Tant,148-981-3017,2026102,IT Technician
Gena,A,Tatford,422-705-6719,2024699,Accountant
Bo,,Tenwick,130-129-3902,2029461,NULL
Bee,,Thomesson,211-258-7033,2022332,Accountant
Carleen,G,Threadgold,782-756-0930,2025225,IT Technician
Osborn,E,Thundercliffe,878-322-7070,2025079,Accountant
Sybila,L,Thunderman,384-153-1483,2023347,Janitor
Nataline,C,Thursby,898-803-1836,2027360,Programmer
Eada,,Tichner,324-887-1588,2020038,IT Technician
Aldo,,Tidcombe,981-701-2293,2024178,Accountant
Munmro,S,Tingley,413-130-5528,2025406,IT Technician
Nissy,F,Tippetts,232-767-2566,2022733,Programmer
Nadya,B,Tippler,750-180-9788,2020105,IT Technician
Wilona,E,Tirrell,951-298-5870,2029281,IT Technician
Shandra,E,Todeo,859-944-1013,2028516,IT Technician
Collete,,Tofts,102-840-3556,2021154,Accountant
Artair,,Tolliday,928-223-9415,2022158,Food Service Worker
Guy,O,Tolussi,656-254-7437,2026886,IT Technician
Evelyn,E,Toman,178-139-6300,2020644,Accountant
Orville,,Tommen,890-384-0564,2024804,NULL
Nikoletta,V,Tomson,326-713-7734,2026517,Accountant
Ariella,M,Torra,348-551-7885,2027403,Food Service Worker
Madalena,,Torri,660-864-5508,2025471,IT Technician
Miran,G,Totterdell,683-932-3260,2024602,IT Technician
Dermot,C,Towey,157-354-6695,2023775,NULL
Myrna,L,Treamayne,108-127-3331,2028557,Accountant
Dru,,Tredwell,741-121-5291,2024505,IT Technician
Law,N,Tremayne,204-976-4285,2021112,IT Technician
Dalenna,,Tremblet,501-967-8514,2021200,Project Leader
Emera,,Treuge,286-201-6720,2020583,Accountant
Quinn,D,Triplow,234-446-5168,2024090,Supervisor
Zach,P,Troker,933-705-7505,2028484,Accountant
Carr,R,Trouncer,114-433-2009,2029027,IT Technician
Thor,B,Trowbridge,316-629-4841,2023521,IT Technician
Nerty,A,Tuckwood,435-536-1935,2020608,Food Service Worker
Darelle,,Tunesi,894-657-0611,2022960,Accountant
Nikki,T,Tunkin,812-501-6062,2029136,Janitor
Fredek,R,Tustin,567-546-2752,2025547,Accountant
Nananne,A,Tyre,836-403-1870,2022984,NULL
Pedro,D,Underwood,364-218-3883,2029920,IT Technician
Diego,,Urwen,477-690-1946,2020163,IT Technician
Hasheem,N,Vahl,867-268-1289,2022478,IT Technician
Jacinda,S,Valente,222-690-6552,2025722,Janitor
Brand,L,Van der Spohr,905-805-5393,2023884,Food Service Worker
Jorge,O,Van Der Straaten,807-911-5378,2020025,IT Technician
Marna,,Varfalameev,786-882-5262,2020309,Accountant
Harvey,X,Varnals,838-328-4793,2024219,Janitor
Kassi,L,Vasnetsov,925-638-7167,2021168,Project Leader
Zaccaria,R,Vassall,342-123-2279,2025755,Supervisor
Tine,A,Vautin,484-419-8800,2022510,IT Technician
Orelia,,Vear,134-413-0359,2028098,IT Technician
Jesse,G,Vedishchev,873-907-3987,2024044,IT Technician
Derrek,D,Villa,416-971-2396,2022774,Janitor
Hillary,F,Vittel,264-210-5686,2026748,Mission Leader
Appolonia,I,Voas,488-443-6640,2025054,IT Technician
Maurizia,X,Von Der Empten,269-560-5823,2028117,IT Technician
Tatum,H,Vost,715-879-8766,2028309,IT Technician
Truda,F,Vuitton,716-748-7805,2020538,IT Technician
Klemens,C,Waby,920-912-9229,2027311,NULL
Patin,G,Wace,227-856-7642,2020521,IT Technician
Demeter,,Wafer,710-616-5905,2021397,Accountant
Breena,X,Wainer,818-616-1406,2020095,NULL
Carlynn,G,Walch,116-236-2299,2024279,IT Technician
Lilly,I,Wallen,259-705-5996,2025082,IT Technician
Saundra,M,Warboy,768-787-4958,2029170,Janitor
Veradis,H,Warby,483-318-9681,2022740,IT Technician
Dolley,I,Waterhouse,124-399-0176,2022165,IT Technician
Reggis,X,Wavell,976-740-5156,2026862,Accountant
Cristie,A,Wearn,817-545-8513,2020810,IT Technician
Carlie,E,Wearn,919-105-8531,2029052,NULL
Miguelita,,Weatherhead,233-819-4840,2023908,IT Technician
Britney,C,Webster,876-360-3438,2022754,IT Technician
Tildie,O,Weedenburg,558-954-9990,2025904,Janitor
Jayson,,Westrip,391-866-4298,2028127,IT Technician
Belvia,G,Wheldon,896-804-9234,2029765,Accountant
Nanice,H,Whellans,741-525-2922,2027122,Supervisor
Lilah,A,Whilde,399-515-1702,2028083,NULL
Netty,H,Whisby,958-798-7506,2025459,NULL
Perren,R,Whitty,150-402-4881,2021715,Accountant
Maiga,I,Wickman,295-256-9986,2028471,IT Technician
Dorena,,Wiggall,967-673-1846,2027099,Food Service Worker
Geno,,Wigmore,151-470-5206,2029500,NULL
Kevin,,Witherup,133-976-3849,2029825,Programmer
Henrieta,B,Woan,926-431-2915,2024837,IT Technician
Arlena,,Wolfarth,477-168-7101,2023885,IT Technician
Raine,I,Wolfendell,866-498-1797,2020571,Project Leader
Dell,F,Woodrow,414-947-4988,2023942,Programmer
Doreen,C,Woodthorpe,937-404-9116,2020440,IT Technician
Trefor,P,Woodwin,366-276-7539,2026872,Supervisor
Witty,F,Worboys,634-227-3052,2024274,IT Technician
Carolann,,Worsfield,127-945-8092,2022631,IT Technician
Ashlen,L,Wraight,666-175-3621,2020021,Accountant
Hillel,,Wrinch,499-711-4256,2029651,Accountant
Mattie,L,Yakunkin,912-725-4153,2027289,Accountant
Reggy,G,Yannikov,922-553-2687,2023107,NULL
Yoshiko,,Yard,388-460-2693,2026999,Accountant
Mercie,X,Yearron,877-500-1349,2025278,Accountant
Dory,T,Yellowlea,125-667-4253,2023849,IT Technician
Val,E,Youde,999-593-5912,2022945,Programmer
Ximenez,T,Yurkov,496-678-9795,2022387,IT Technician
Susette,C,Ziemen,549-215-7419,2027855,Accountant
